mean_fit_time,std_fit_time,mean_score_time,std_score_time,param_class_weight,param_max_depth,param_max_features,param_min_samples_leaf,param_min_samples_split,param_n_estimators,params,split0_test_score,split1_test_score,split2_test_score,split3_test_score,split4_test_score,mean_test_score,std_test_score,rank_test_score,split0_train_score,split1_train_score,split2_train_score,split3_train_score,split4_train_score,mean_train_score,std_train_score
1.6436224460601807,0.2235068522587449,0.24840316772460938,0.019274181550890234,,20,sqrt,4,9,234,"{'class_weight': None, 'max_depth': 20, 'max_features': 'sqrt', 'min_samples_leaf': 4, 'min_samples_split': 9, 'n_estimators': 234}",0.9252525252525253,0.9212121212121211,0.908203125,0.89453125,0.9520833333333334,0.920256470959596,0.019214021633700826,1,0.9889972493123281,0.9876219054763691,0.9896595208070618,0.9907944514501892,0.9869727047146402,0.9888091663521177,0.001377099455565902
4.512445259094238,0.16183959062786923,0.40595111846923826,0.013411195606319351,balanced_subsample,20,sqrt,3,5,502,"{'class_weight': 'balanced_subsample', 'max_depth': 20, 'max_features': 'sqrt', 'min_samples_leaf': 3, 'min_samples_split': 5, 'n_estimators': 502}",0.9191919191919192,0.9272727272727272,0.908203125,0.90234375,0.94375,0.9201523042929292,0.014617807615478866,2,0.9968742185546386,0.9948737184296075,0.9970996216897856,0.9957124842370744,0.996029776674938,0.9961179639172087,0.000806958568107696
2.1657158374786376,0.08497786230838976,0.2881749153137207,0.04631117533484293,balanced,8,sqrt,5,10,332,"{'class_weight': 'balanced', 'max_depth': 8, 'max_features': 'sqrt', 'min_samples_leaf': 5, 'min_samples_split': 10, 'n_estimators': 332}",0.9191919191919191,0.9272727272727272,0.912109375,0.90234375,0.9375,0.9196835542929293,0.012110326123613409,3,0.9878719679919981,0.9858714678669668,0.9866330390920555,0.9887767969735183,0.985483870967742,0.9869274285784562,0.0012327120453497489
7.027157735824585,0.16547128721429039,0.4923121929168701,0.04529263199863563,balanced_subsample,12,sqrt,7,3,781,"{'class_weight': 'balanced_subsample', 'max_depth': 12, 'max_features': 'sqrt', 'min_samples_leaf': 7, 'min_samples_split': 3, 'n_estimators': 781}",0.9171717171717171,0.9232323232323232,0.919921875,0.90625,0.93125,0.9195651830808081,0.00816251029995704,4,0.9813703425856464,0.9787446861715428,0.9793190416141235,0.9813366960907944,0.9771712158808933,0.9795883964686001,0.0016036860434385837
1.2482937335968018,0.12570447320853018,0.2499530792236328,0.023769199683160366,,20,sqrt,5,7,127,"{'class_weight': None, 'max_depth': 20, 'max_features': 'sqrt', 'min_samples_leaf': 5, 'min_samples_split': 7, 'n_estimators': 127}",0.9171717171717171,0.915151515151515,0.91796875,0.890625,0.9520833333333334,0.9186000631313131,0.019586039682597835,5,0.9841210302575644,0.9847461865466367,0.9818411097099622,0.9861286254728878,0.9807692307692308,0.9835212365512565,0.0019521830855273028
5.887146663665772,0.1103897501124171,0.2978372097015381,0.02629404384217952,balanced_subsample,,sqrt,3,15,769,"{'class_weight': 'balanced_subsample', 'max_depth': None, 'max_features': 'sqrt', 'min_samples_leaf': 3, 'min_samples_split': 15, 'n_estimators': 769}",0.9131313131313132,0.9272727272727272,0.908203125,0.90234375,0.9416666666666667,0.9185235164141414,0.014209329826980303,6,0.9876219054763691,0.9841210302575644,0.9863808322824716,0.9880201765447667,0.9832506203473945,0.9858789129817133,0.0018906628102777023
1.5028275966644287,0.10346352072322651,0.1545795440673828,0.02061867275257399,balanced_subsample,12,log2,9,14,140,"{'class_weight': 'balanced_subsample', 'max_depth': 12, 'max_features': 'log2', 'min_samples_leaf': 9, 'min_samples_split': 14, 'n_estimators': 140}",0.9212121212121211,0.9191919191919191,0.9140625,0.91015625,0.9270833333333334,0.9183412247474747,0.005842798766976712,7,0.9738684671167792,0.972993248312078,0.9717528373266078,0.9759142496847415,0.9676178660049628,0.972429333689034,0.002761941810585875
4.91844596862793,0.1352784752815799,0.44666552543640137,0.02743434036188574,,8,log2,5,8,754,"{'class_weight': None, 'max_depth': 8, 'max_features': 'log2', 'min_samples_leaf': 5, 'min_samples_split': 8, 'n_estimators': 754}",0.9191919191919191,0.9232323232323232,0.912109375,0.890625,0.9458333333333333,0.9181983901515152,0.017817887735876836,8,0.9861215303825956,0.983745936484121,0.9856242118537201,0.9872635561160152,0.9823821339950373,0.9850274737662978,0.0017431741628641216
4.286455583572388,0.19090014926975554,0.303762149810791,0.041967486234839126,balanced_subsample,20,log2,3,13,666,"{'class_weight': 'balanced_subsample', 'max_depth': 20, 'max_features': 'log2', 'min_samples_leaf': 3, 'min_samples_split': 13, 'n_estimators': 666}",0.9131313131313132,0.9232323232323232,0.908203125,0.900390625,0.9458333333333333,0.918158143939394,0.015695346844244566,9,0.9891222805701425,0.9863715928982246,0.9890290037831021,0.9901639344262295,0.9861042183622829,0.9881582060079964,0.0016199707816480044
6.058137083053589,0.16368699551710747,0.4566911220550537,0.022352512636549207,balanced_subsample,20,sqrt,3,13,646,"{'class_weight': 'balanced_subsample', 'max_depth': 20, 'max_features': 'sqrt', 'min_samples_leaf': 3, 'min_samples_split': 13, 'n_estimators': 646}",0.9151515151515152,0.9232323232323232,0.90625,0.900390625,0.94375,0.9177548926767676,0.015142032705226006,10,0.988997249312328,0.986496624156039,0.9889029003783102,0.9900378310214375,0.9864764267990075,0.9881822063334245,0.0014406879636696143
2.5613457679748537,0.11149290933821199,0.28603386878967285,0.03418883349948183,balanced,20,sqrt,3,9,382,"{'class_weight': 'balanced', 'max_depth': 20, 'max_features': 'sqrt', 'min_samples_leaf': 3, 'min_samples_split': 9, 'n_estimators': 382}",0.9111111111111112,0.9272727272727272,0.904296875,0.90234375,0.94375,0.9177548926767676,0.01567862348566639,10,0.9931232808202051,0.9914978744686171,0.9952080706179067,0.9938209331651955,0.9923076923076923,0.9931915702759234,0.0012741177713057096
2.554942321777344,0.1259947084606702,0.3068236827850342,0.03496499925763886,balanced,20,log2,6,11,576,"{'class_weight': 'balanced', 'max_depth': 20, 'max_features': 'log2', 'min_samples_leaf': 6, 'min_samples_split': 11, 'n_estimators': 576}",0.9151515151515152,0.9252525252525252,0.91796875,0.90234375,0.925,0.917143308080808,0.008380483564491021,12,0.98512128032008,0.982370592648162,0.9823455233291298,0.9836065573770492,0.9803970223325061,0.9827681952013855,0.0015619898072292502
1.236048650741577,0.014170246105609461,0.19937896728515625,0.04628610073132954,balanced_subsample,8,sqrt,8,8,221,"{'class_weight': 'balanced_subsample', 'max_depth': 8, 'max_features': 'sqrt', 'min_samples_leaf': 8, 'min_samples_split': 8, 'n_estimators': 221}",0.9212121212121211,0.9191919191919191,0.919921875,0.90625,0.9187500000000001,0.9170651830808081,0.0054715186958469095,13,0.9783695923980995,0.9777444361090273,0.9756620428751576,0.9800756620428751,0.9750620347394542,0.9773827536329227,0.0018277309627382041
1.7079463481903077,0.043135498642102685,0.3515153884887695,0.01964623643212645,,3,sqrt,9,19,250,"{'class_weight': None, 'max_depth': 3, 'max_features': 'sqrt', 'min_samples_leaf': 9, 'min_samples_split': 19, 'n_estimators': 250}",0.9191919191919191,0.913131313131313,0.91015625,0.890625,0.9520833333333334,0.9170375631313131,0.019965380085177273,14,0.9644911227806952,0.9631157789447362,0.9670870113493064,0.9682219419924338,0.9621588089330024,0.9650149328000349,0.0023072504554456797
2.7984809398651125,0.05725331548577602,0.24501409530639648,0.006169033841125356,balanced_subsample,20,sqrt,2,13,513,"{'class_weight': 'balanced_subsample', 'max_depth': 20, 'max_features': 'sqrt', 'min_samples_leaf': 2, 'min_samples_split': 13, 'n_estimators': 513}",0.9171717171717172,0.9252525252525252,0.90234375,0.8984375,0.9395833333333333,0.9165577651515152,0.015076702665248135,15,0.990622655663916,0.989247311827957,0.9906683480453973,0.991046658259773,0.9872208436724565,0.9897611634939001,0.0014096040360592084
2.2864826679229737,0.08508703339004273,0.2928770065307617,0.022011411636871443,balanced,3,sqrt,3,8,340,"{'class_weight': 'balanced', 'max_depth': 3, 'max_features': 'sqrt', 'min_samples_leaf': 3, 'min_samples_split': 8, 'n_estimators': 340}",0.9272727272727274,0.9232323232323232,0.9140625,0.888671875,0.9291666666666667,0.9164812184343434,0.014846982568664045,16,0.9767441860465116,0.9734933733433359,0.9769230769230769,0.9788146279949559,0.9714640198511166,0.9754878568317993,0.002641017024216974
2.809631872177124,0.1372500467747011,0.31697998046875,0.039245825853698145,balanced,,sqrt,2,2,403,"{'class_weight': 'balanced', 'max_depth': None, 'max_features': 'sqrt', 'min_samples_leaf': 2, 'min_samples_split': 2, 'n_estimators': 403}",0.9151515151515152,0.9272727272727272,0.916015625,0.890625,0.9333333333333333,0.9164796401515151,0.014635431984835566,17,0.9997499374843711,0.9994998749687422,0.9996216897856243,0.9992433795712485,0.9997518610421836,0.9995733485704339,0.000189560085857098
3.948419427871704,0.12111913283930952,0.5374711990356446,0.02060110683419074,,20,sqrt,4,13,609,"{'class_weight': None, 'max_depth': 20, 'max_features': 'sqrt', 'min_samples_leaf': 4, 'min_samples_split': 13, 'n_estimators': 609}",0.9171717171717172,0.9191919191919191,0.904296875,0.892578125,0.9479166666666666,0.9162310606060606,0.01852304131956862,18,0.9844961240310077,0.9828707176794198,0.9852459016393443,0.9875157629255991,0.9815136476426799,0.98432843078361,0.0020531386511530784
1.9677422523498536,0.1120659601203682,0.1917118549346924,0.01044193002512329,balanced_subsample,,log2,8,4,211,"{'class_weight': 'balanced_subsample', 'max_depth': None, 'max_features': 'log2', 'min_samples_leaf': 8, 'min_samples_split': 4, 'n_estimators': 211}",0.9212121212121211,0.9191919191919191,0.916015625,0.904296875,0.9166666666666667,0.9154766414141415,0.005888851466310214,19,0.9777444361090273,0.9777444361090273,0.9760403530895334,0.9802017654476671,0.9755583126550869,0.9774578606820684,0.0016316172832531878
2.7204331398010253,0.19127531428883449,0.2315272331237793,0.022645822691194327,balanced_subsample,20,log2,3,8,243,"{'class_weight': 'balanced_subsample', 'max_depth': 20, 'max_features': 'log2', 'min_samples_leaf': 3, 'min_samples_split': 8, 'n_estimators': 243}",0.9151515151515153,0.9272727272727272,0.900390625,0.896484375,0.9375,0.9153598484848485,0.015572459946475336,20,0.9936234058514629,0.9924981245311328,0.9957124842370744,0.9949558638083228,0.993424317617866,0.9940428392091718,0.001145946349082193
2.735962915420532,0.08774283005881112,0.28061580657958984,0.03138095565994335,,,sqrt,9,14,358,"{'class_weight': None, 'max_depth': None, 'max_features': 'sqrt', 'min_samples_leaf': 9, 'min_samples_split': 14, 'n_estimators': 358}",0.913131313131313,0.9171717171717171,0.9140625,0.896484375,0.9354166666666668,0.9152533143939394,0.012397056572789021,21,0.9719929982495624,0.9726181545386348,0.9708701134930643,0.9757881462799496,0.9666253101736972,0.9715789445469817,0.002966806770633208
3.3345237731933595,0.2462713251037844,0.24427947998046876,0.03195763784058027,balanced_subsample,5,sqrt,5,11,330,"{'class_weight': 'balanced_subsample', 'max_depth': 5, 'max_features': 'sqrt', 'min_samples_leaf': 5, 'min_samples_split': 11, 'n_estimators': 330}",0.9171717171717172,0.9252525252525252,0.9140625,0.89453125,0.925,0.9152035984848486,0.011220267382063017,22,0.9849962490622656,0.9842460615153789,0.9833543505674653,0.9851197982345523,0.9813895781637717,0.9838212075086868,0.001369550154434799
2.2042354583740233,0.20393452113999913,0.3013339042663574,0.02628761562675557,balanced_subsample,3,log2,2,11,369,"{'class_weight': 'balanced_subsample', 'max_depth': 3, 'max_features': 'log2', 'min_samples_leaf': 2, 'min_samples_split': 11, 'n_estimators': 369}",0.9191919191919192,0.9191919191919191,0.91796875,0.884765625,0.9312500000000001,0.9144736426767677,0.01562531613163515,23,0.9772443110777694,0.9736184046011502,0.9764186633039091,0.9785624211853721,0.9714640198511166,0.9754615640038635,0.002572436094318079
1.8756247997283935,0.10065684472686381,0.24992499351501465,0.013745190617043516,,3,sqrt,2,10,445,"{'class_weight': None, 'max_depth': 3, 'max_features': 'sqrt', 'min_samples_leaf': 2, 'min_samples_split': 10, 'n_estimators': 445}",0.9232323232323232,0.9171717171717171,0.896484375,0.87890625,0.95625,0.9144089330808081,0.02614532600280093,24,0.9718679669917478,0.9737434358589647,0.9757881462799496,0.9752837326607818,0.971091811414392,0.9735550186411672,0.0018398013681109444
4.329358720779419,0.13788282756052758,0.4014706611633301,0.030913302526928588,,12,sqrt,9,8,620,"{'class_weight': None, 'max_depth': 12, 'max_features': 'sqrt', 'min_samples_leaf': 9, 'min_samples_split': 8, 'n_estimators': 620}",0.913131313131313,0.913131313131313,0.9140625,0.892578125,0.9375,0.9140806502525252,0.01423114434050278,25,0.9736184046011503,0.9711177794448612,0.9708701134930643,0.9747793190416141,0.9667493796526054,0.9714269992466591,0.0027686158682777014
1.6175748348236083,0.050476633923306695,0.22879314422607422,0.03264155003545318,balanced,3,sqrt,1,13,413,"{'class_weight': 'balanced', 'max_depth': 3, 'max_features': 'sqrt', 'min_samples_leaf': 1, 'min_samples_split': 13, 'n_estimators': 413}",0.9212121212121211,0.915151515151515,0.919921875,0.88671875,0.9270833333333335,0.914017518939394,0.014169318693187397,26,0.9761190297574394,0.9752438109527382,0.9773013871374527,0.9795712484237075,0.9712158808933002,0.9758902714329276,0.0027517633466069055
4.422545433044434,0.09678841876565408,0.21578450202941896,0.023553798696760945,balanced_subsample,3,sqrt,1,16,580,"{'class_weight': 'balanced_subsample', 'max_depth': 3, 'max_features': 'sqrt', 'min_samples_leaf': 1, 'min_samples_split': 16, 'n_estimators': 580}",0.9151515151515152,0.915151515151515,0.912109375,0.88671875,0.93125,0.9120762310606061,0.01434957214749331,27,0.9751187796949237,0.9717429357339334,0.9755359394703658,0.976796973518285,0.969106699751861,0.9736602656338738,0.002824728947929126
2.854930019378662,0.14341131168459573,0.25370540618896487,0.011023814304266858,balanced,12,sqrt,1,11,575,"{'class_weight': 'balanced', 'max_depth': 12, 'max_features': 'sqrt', 'min_samples_leaf': 1, 'min_samples_split': 11, 'n_estimators': 575}",0.9070707070707071,0.915151515151515,0.908203125,0.884765625,0.9395833333333333,0.910954861111111,0.01758258296856121,28,0.9952488122030507,0.9931232808202051,0.9958385876418664,0.9952080706179067,0.9937965260545906,0.9946430554675239,0.0010140816089724398
0.5747153759002686,0.016445043049397975,0.121284818649292,0.00933386793231864,,5,sqrt,3,8,120,"{'class_weight': None, 'max_depth': 5, 'max_features': 'sqrt', 'min_samples_leaf': 3, 'min_samples_split': 8, 'n_estimators': 120}",0.9090909090909091,0.9191919191919191,0.8984375,0.875,0.95,0.9103440656565656,0.02467151120252515,29,0.9854963740935233,0.988997249312328,0.989281210592686,0.9885245901639345,0.9875930521091812,0.9879784952543306,0.001366941008883553
1.1400001049041748,0.10135231630229415,0.3759439468383789,0.054525865169073214,balanced,,,9,9,132,"{'class_weight': 'balanced', 'max_depth': None, 'max_features': None, 'min_samples_leaf': 9, 'min_samples_split': 9, 'n_estimators': 132}",0.9131313131313131,0.915151515151515,0.9140625,0.869140625,0.9375,0.9097971906565657,0.022263782265259095,30,0.9621155288822205,0.9659914978744686,0.9588902900378311,0.9617906683480454,0.9560794044665012,0.9609734779218135,0.00332999193933258
2.907273864746094,0.548396632643714,0.4007929801940918,0.05191884907181848,,5,sqrt,2,3,319,"{'class_weight': None, 'max_depth': 5, 'max_features': 'sqrt', 'min_samples_leaf': 2, 'min_samples_split': 3, 'n_estimators': 319}",0.9050505050505051,0.9151515151515152,0.896484375,0.884765625,0.9458333333333333,0.9094570707070707,0.020751073832863627,31,0.9932483120780194,0.994748687171793,0.9954602774274905,0.994703656998739,0.9941687344913152,0.9944659336334715,0.0007343175232733527
4.353860759735108,0.5259320875335534,0.407120943069458,0.04874592580083395,balanced_subsample,5,log2,1,5,661,"{'class_weight': 'balanced_subsample', 'max_depth': 5, 'max_features': 'log2', 'min_samples_leaf': 1, 'min_samples_split': 5, 'n_estimators': 661}",0.9090909090909092,0.9090909090909091,0.90234375,0.888671875,0.9375,0.9093394886363637,0.01593253649820169,32,0.9977494373593397,0.9948737184296075,0.9968474148802018,0.996343001261034,0.9957816377171216,0.9963190419294609,0.000969901687505587
0.7812515735626221,0.031421447901436514,0.17619404792785645,0.011532626563220114,balanced,20,,9,16,114,"{'class_weight': 'balanced', 'max_depth': 20, 'max_features': None, 'min_samples_leaf': 9, 'min_samples_split': 16, 'n_estimators': 114}",0.9090909090909091,0.911111111111111,0.9140625,0.87109375,0.9375,0.908571654040404,0.021346242519906192,33,0.9614903725931483,0.9644911227806952,0.9583858764186634,0.9605296343001262,0.9550868486352357,0.9599967709455737,0.003143765446864832
3.2195921897888184,0.39151841840571666,0.3533994197845459,0.043508772085274185,balanced,,,9,19,437,"{'class_weight': 'balanced', 'max_depth': None, 'max_features': None, 'min_samples_leaf': 9, 'min_samples_split': 19, 'n_estimators': 437}",0.9151515151515152,0.901010101010101,0.9140625,0.873046875,0.9333333333333333,0.9073208648989899,0.0199897441990518,34,0.9609902475618906,0.9643660915228808,0.9577553593947037,0.9627994955863808,0.9557071960297766,0.9603236780191263,0.003188205170046293
3.3434190273284914,0.1783996295699799,0.27486186027526854,0.0553888331801222,balanced_subsample,20,,9,6,324,"{'class_weight': 'balanced_subsample', 'max_depth': 20, 'max_features': None, 'min_samples_leaf': 9, 'min_samples_split': 6, 'n_estimators': 324}",0.9131313131313131,0.898989898989899,0.9140625,0.87109375,0.9354166666666667,0.9065388257575757,0.021200641265083472,35,0.9612403100775194,0.9644911227806952,0.9582597730138713,0.9634300126103404,0.9563275434243176,0.9607497523813487,0.0030717494534418755
3.536916971206665,0.1967387928892386,0.3084670066833496,0.021396439158612127,balanced_subsample,20,,9,9,437,"{'class_weight': 'balanced_subsample', 'max_depth': 20, 'max_features': None, 'min_samples_leaf': 9, 'min_samples_split': 9, 'n_estimators': 437}",0.9131313131313131,0.901010101010101,0.9140625,0.87109375,0.9333333333333333,0.9065261994949495,0.020517951144241573,36,0.9617404351087773,0.9646161540385096,0.9582597730138713,0.9631778058007565,0.9560794044665013,0.9607747144856832,0.003157055235859473
1.721351957321167,0.06558779049393862,0.2552743434906006,0.013926302646746984,balanced,20,,9,5,260,"{'class_weight': 'balanced', 'max_depth': 20, 'max_features': None, 'min_samples_leaf': 9, 'min_samples_split': 5, 'n_estimators': 260}",0.9131313131313131,0.898989898989899,0.9140625,0.8671875,0.9375,0.9061742424242425,0.02308033536817275,37,0.9618654663665918,0.9642410602650663,0.9586380832282472,0.9630517023959646,0.9560794044665013,0.9607751433444742,0.0030000365017247175
2.3171059131622314,0.12592529893434015,0.2789449691772461,0.024169198267449465,balanced,20,,4,12,283,"{'class_weight': 'balanced', 'max_depth': 20, 'max_features': None, 'min_samples_leaf': 4, 'min_samples_split': 12, 'n_estimators': 283}",0.9131313131313131,0.898989898989899,0.900390625,0.880859375,0.9375,0.9061742424242425,0.018738257412672495,37,0.978744686171543,0.9789947486871717,0.9764186633039094,0.9812105926860025,0.9758064516129032,0.9782350284923058,0.0019436088162019468
2.451654052734375,0.011876063433323106,0.2385021209716797,0.013663608603503087,,3,,7,13,608,"{'class_weight': None, 'max_depth': 3, 'max_features': None, 'min_samples_leaf': 7, 'min_samples_split': 13, 'n_estimators': 608}",0.9111111111111111,0.898989898989899,0.908203125,0.876953125,0.9354166666666666,0.9061347853535354,0.018916073177662036,39,0.9598649662415604,0.9598649662415605,0.9640605296343001,0.9646910466582598,0.9576923076923077,0.9612347632935977,0.002691933495602638
0.7025023937225342,0.03733340874006227,0.17729535102844238,0.03209081618674872,,5,sqrt,3,2,104,"{'class_weight': None, 'max_depth': 5, 'max_features': 'sqrt', 'min_samples_leaf': 3, 'min_samples_split': 2, 'n_estimators': 104}",0.9030303030303031,0.9191919191919191,0.896484375,0.875,0.9354166666666668,0.9058246527777778,0.020491849578477075,40,0.9877469367341836,0.9912478119529883,0.9905422446406053,0.991046658259773,0.9882133995037221,0.9897594102182545,0.0014781999614873846
4.201490020751953,0.3253291706964279,0.3665951728820801,0.051376684032484174,balanced_subsample,5,,8,5,763,"{'class_weight': 'balanced_subsample', 'max_depth': 5, 'max_features': None, 'min_samples_leaf': 8, 'min_samples_split': 5, 'n_estimators': 763}",0.9131313131313131,0.896969696969697,0.9140625,0.869140625,0.9333333333333333,0.9053274936868687,0.021451662960440473,41,0.9653663415853964,0.9662415603900975,0.9612862547288776,0.965952080706179,0.9600496277915632,0.9637791730404228,0.0025856578522775037
2.181027555465698,0.1295656774891759,0.3150793552398682,0.051256542778147715,balanced,20,,7,8,289,"{'class_weight': 'balanced', 'max_depth': 20, 'max_features': None, 'min_samples_leaf': 7, 'min_samples_split': 8, 'n_estimators': 289}",0.9070707070707071,0.8929292929292929,0.9140625,0.875,0.9375,0.9053125,0.020918319349123127,42,0.9701175293823455,0.9708677169292323,0.9634300126103404,0.9684741488020177,0.9629032258064516,0.9671585267060776,0.003354222817807478
6.5906353950500485,0.09379499060818845,0.5226849555969239,0.027421381071187967,balanced_subsample,,,6,6,709,"{'class_weight': 'balanced_subsample', 'max_depth': None, 'max_features': None, 'min_samples_leaf': 6, 'min_samples_split': 6, 'n_estimators': 709}",0.9111111111111111,0.8949494949494949,0.90234375,0.875,0.9375,0.9041808712121213,0.02048564929402734,43,0.974368592148037,0.9742435608902225,0.9707440100882723,0.9769230769230769,0.9681141439205955,0.9728786767940407,0.0030886082370118794
7.293064928054809,0.09551424942985787,0.5060648441314697,0.04743696142474146,balanced_subsample,3,,6,10,791,"{'class_weight': 'balanced_subsample', 'max_depth': 3, 'max_features': None, 'min_samples_leaf': 6, 'min_samples_split': 10, 'n_estimators': 791}",0.9111111111111111,0.896969696969697,0.90625,0.873046875,0.9291666666666667,0.903308869949495,0.018407195965576276,44,0.9648662165541385,0.9629907476869217,0.9656998738965953,0.9673392181588902,0.9586848635235732,0.9639161839640238,0.0029673025006127984
6.786964559555054,0.17302036684766126,0.43317208290100095,0.021823567736623486,balanced_subsample,5,,4,2,727,"{'class_weight': 'balanced_subsample', 'max_depth': 5, 'max_features': None, 'min_samples_leaf': 4, 'min_samples_split': 2, 'n_estimators': 727}",0.907070707070707,0.896969696969697,0.888671875,0.880859375,0.9333333333333333,0.9013809974747474,0.01819583972959906,45,0.9869967491872969,0.9858714678669667,0.9867591424968474,0.9886506935687264,0.9852357320099255,0.9867027570259526,0.0011599372009234
4.649746561050415,0.5799141968920275,0.43393516540527344,0.04116850338768232,balanced,5,,3,8,588,"{'class_weight': 'balanced', 'max_depth': 5, 'max_features': None, 'min_samples_leaf': 3, 'min_samples_split': 8, 'n_estimators': 588}",0.907070707070707,0.896969696969697,0.888671875,0.875,0.9375,0.9010424558080807,0.02103958402816856,46,0.9897474368592148,0.9873718429607402,0.9887767969735182,0.9899117276166456,0.9882133995037221,0.9888042407827683,0.0009505531048897382
6.755989456176758,0.1950970380264075,0.5144819736480712,0.04467974666773462,balanced_subsample,3,,1,6,724,"{'class_weight': 'balanced_subsample', 'max_depth': 3, 'max_features': None, 'min_samples_leaf': 1, 'min_samples_split': 6, 'n_estimators': 724}",0.9050505050505051,0.898989898989899,0.90234375,0.865234375,0.93125,0.9005737058080809,0.02105035182246502,47,0.9722430607651913,0.9714928732183046,0.969735182849937,0.9762925598991172,0.9667493796526054,0.9713026112770311,0.0031307820811059305
1.4263343811035156,0.20601379911947337,0.23031773567199706,0.03243615849662467,balanced,12,sqrt,1,3,152,"{'class_weight': 'balanced', 'max_depth': 12, 'max_features': 'sqrt', 'min_samples_leaf': 1, 'min_samples_split': 3, 'n_estimators': 152}",0.905050505050505,0.9070707070707071,0.890625,0.8671875,0.93125,0.9002367424242423,0.02105390959474152,48,1.0,1.0,1.0,1.0,1.0,1.0,0.0
3.4443428039550783,0.08805409085337225,0.377764368057251,0.05746837794969493,,8,,3,18,491,"{'class_weight': None, 'max_depth': 8, 'max_features': None, 'min_samples_leaf': 3, 'min_samples_split': 18, 'n_estimators': 491}",0.896969696969697,0.8949494949494949,0.89453125,0.86328125,0.9395833333333334,0.897863005050505,0.024318185403325608,49,0.9698674668667167,0.9699924981245311,0.9665825977301387,0.9720050441361916,0.9633995037220844,0.9683694221159325,0.003032790513913241
1.5667435646057128,0.11398303184650714,0.2267320156097412,0.04839615913708863,balanced,20,,1,10,223,"{'class_weight': 'balanced', 'max_depth': 20, 'max_features': None, 'min_samples_leaf': 1, 'min_samples_split': 10, 'n_estimators': 223}",0.9111111111111111,0.8929292929292929,0.892578125,0.84765625,0.93125,0.8951049558080808,0.02765920929085689,50,0.9913728432108025,0.9899974993748437,0.9878940731399748,0.9914249684741488,0.9880893300248139,0.9897557428449166,0.001529870569146119
